user,tweet
EmiliaGuitierrez,"Absolut in Liebe versunken! Ich bestehe auch weiterhin darauf, dass die schÃ¶nste Welt der Welt im Kino ist! #Kino #FilmLove"
EmiliaGuitierrez,Hurra! Das neue Musical im Theater ist ausverkauft! Ich esse jetzt meine Lieblings-Eiscreme und freue mich schon auf die Vorstellung.
EmiliaGuitierrez,"â™«â™ª Endlich mein Lieblingssong im Radio hÃ¶ren und die Sonne erwÃ¤rmt meine Seele. Freude erfÃ¼llt mich, ich tanze und singe"
EmiliaGuitierrez,#VollerFreude spiele ich gerade mein Lieblingsvideospiel! Es macht einfach viel zu viel SpaÃŸ ğŸ˜„. #Entretenimiento
EmiliaGuitierrez,So viel Freude und Entspannung beim angenehmen GerÃ¤usch eines langsamen Songs - einfach himmlisch! #Entretenimiento #Frieden #Klang
EmiliaGuitierrez,Unglaublich! Wie konnte dieser Film so grandios und fesselnd sein? #entretenimiento
EmiliaGuitierrez,"#SoHappy Das heutige Konzert war unglaublich! Die Musik, das Licht, das erstaunliche Publikum - es war einfach atemberaubend."
EmiliaGuitierrez,Heuteabend noch zu einer Show mit meinen Freunden gehen! Ich bin Ã¼berglÃ¼cklich â¤ï¸ #Freude!
EmiliaGuitierrez,"Es gibt nichts so Friedvolles wie einen filmischen Moment zu teilen, der uns ein kleines Abenteuer nÃ¤herbringt. #Entretenimient"
EmiliaGuitierrez,"Ich freue mich, der Stille zu lauschen, die Ruhe und Gelassenheit zu genieÃŸen, um in meinem Herzen und meiner Seele Frieden zu finden"
EmiliaGuitierrez,"Heute wurde mir bewusst, wie schnell sich die Dinge in der Welt der Unterhaltung Ã¤ndern kÃ¶nnen. Ich bin so traurig. #"
EmiliaGuitierrez,"Gerade erfÃ¤hrt man von einem wunderbaren neuen Film â€“ aber dann realisiert man, dass man den nicht mehr sehen werden kann. Ein Gef"
EmiliaGuitierrez,Ich fÃ¼hle mich in Frieden und wunderbarer Gelassenheit. ğŸ™
